"Parameter","Low_Value","Base_Value","High_Value","ICER_Low","ICER_High","ICER_Range","Reference"
"Discount rate - costs",0,0.04,0.06,72676.4904759791,41555.0653299404,31121.4251460387,"3"
"RR progression - psychosocial",0.71,0.82,0.94,43543.669276616,60399.5533055067,16855.8840288908,"7"
"Discount rate - effects",0,0.015,0.04,45644.3240304103,55746.466796845,10102.1427664347,"3"
"Utility - Mild AD",0.57,0.65,0.73,50926.4278818492,48029.6007096183,2896.82717223094,"6"
"Utility - Moderate AD",0.38,0.47,0.56,50203.7810134564,48690.5993720243,1513.18164143211,"6"
"Medical cost - Mild AD (EUR)",6800,8500,10200,48875.6511526164,49995.5760600444,1119.92490742801,"14"
"Medical cost - Moderate AD (EUR)",14560,18200,21840,48937.4296946501,49933.7975180107,996.367823360633,"14"
"RR progression - technology",0.76,0.88,1.01,49435.6136063304,49435.6136063304,0,"9"
